{"val_loss": [0.45150937941226377, 0.4442085800809045, 0.4217339491975406, 0.41961703108320675, 0.4266562629564542, 0.41181743394539555, 0.3987912028344619, 0.3807535358177104, 0.3882175088437064, 0.37182206887107266, 0.3829665199895712, 0.3667686809429501, 0.38060771643176305, 0.37831215196441276, 0.37323889749137334, 0.3666405675424241, 0.3932234225544937, 0.38088210536004463, 0.3791738010979708, 0.3867363136373238, 0.37778085216266905, 0.3884325023176171, 0.39156399384884827, 0.3755974420042414, 0.3895883230105281, 0.3784305205868124, 0.37742761670399416, 0.3737291230127396, 0.36673219371607996, 0.39584855291599524, 0.3819916198463701, 0.3942563020601622, 0.391725676183232, 0.39644022830068737, 0.41338767058949094, 0.40089396359230484, 0.4244601603941039, 0.41202700948585336, 0.39720680604979763, 0.40599983838232284, 0.4050843650261198, 0.4189482915732476, 0.40439698671382024, 0.4114328021925189, 0.38781063851185804, 0.3959393276804281, 0.3981614093997865, 0.4102214253146847, 0.40494961012036684, 0.3947764546314484, 0.4262795455328522, 0.381110316511622, 0.42902476862020816, 0.4172642205224022, 0.4104799511873667, 0.4234982300286543, 0.42186309414404943, 0.4201169463796595, 0.41926911225362457, 0.44647894865467574, 0.42857275431107766, 0.41404378953665016, 0.41281080810707454, 0.4304863185935586, 0.4550683347105331, 0.4231651800591512, 0.4527333642696086, 0.4435961670139392, 0.46613113679783347, 0.4633467139740909, 0.4480208841084178, 0.46972022905651556, 0.45691995264912744, 0.47658836778580915, 0.48229627749303994, 0.4565548169848334, 0.47691419438798704, 0.4634128742747012, 0.48781553214825313, 0.4824222512856885, 0.4750089438517289, 0.4801171962392856, 0.5075384037296986, 0.4926433863533501, 0.4735400026512547, 0.49141994817536694, 0.473611456737312, 0.4930623870114018, 0.5101729701895001, 0.4984708397640615, 0.5066373682393035, 0.5335023134177582, 0.5294228588180564, 0.5064661718238005, 0.5126300832313333, 0.5157590019370045, 0.5116433401559282, 0.5113025741000269, 0.5016128249450068, 0.5292977211658182], "val_acc": [0.9226519337016574, 0.9189686924493554, 0.9189686924493554, 0.9208103130755064, 0.9152854511970534, 0.9171270718232044, 0.9208103130755064, 0.9226519337016574, 0.9208103130755064, 0.9244935543278084, 0.9244935543278084, 0.9244935543278084, 0.9226519337016574, 0.9226519337016574, 0.9226519337016574, 0.9226519337016574, 0.9189686924493554, 0.9189686924493554, 0.9208103130755064, 0.9208103130755064, 0.9208103130755064, 0.9208103130755064, 0.9226519337016574, 0.9208103130755064, 0.9208103130755064, 0.9226519337016574, 0.9208103130755064, 0.9226519337016574, 0.9244935543278084, 0.9152854511970534, 0.9208103130755064, 0.9171270718232044, 0.9152854511970534, 0.9152854511970534, 0.9152854511970534, 0.9171270718232044, 0.9134438305709024, 0.9171270718232044, 0.9171270718232044, 0.9152854511970534, 0.9152854511970534, 0.9152854511970534, 0.9152854511970534, 0.9171270718232044, 0.9226519337016574, 0.9208103130755064, 0.9189686924493554, 0.9171270718232044, 0.9189686924493554, 0.9208103130755064, 0.9152854511970534, 0.9244935543278084, 0.9171270718232044, 0.9208103130755064, 0.9208103130755064, 0.9171270718232044, 0.9189686924493554, 0.9189686924493554, 0.9189686924493554, 0.9152854511970534, 0.9189686924493554, 0.9189686924493554, 0.9189686924493554, 0.9152854511970534, 0.9152854511970534, 0.9189686924493554, 0.9152854511970534, 0.9171270718232044, 0.9152854511970534, 0.9152854511970534, 0.9171270718232044, 0.9152854511970534, 0.9171270718232044, 0.9134438305709024, 0.9116022099447514, 0.9152854511970534, 0.9134438305709024, 0.9152854511970534, 0.9116022099447514, 0.9116022099447514, 0.9134438305709024, 0.9134438305709024, 0.9097605893186004, 0.9097605893186004, 0.9152854511970534, 0.9116022099447514, 0.9171270718232044, 0.9116022099447514, 0.9097605893186004, 0.9116022099447514, 0.9116022099447514, 0.9060773480662984, 0.9079189686924494, 0.9116022099447514, 0.9116022099447514, 0.9097605893186004, 0.9134438305709024, 0.9097605893186004, 0.9116022099447514, 0.9097605893186004], "loss": [1.3399080509768813, 0.5717692325662611, 0.5524998004830788, 0.5274910162040107, 0.48639102647664023, 0.5062046021532195, 0.49294018354106234, 0.4850175802110083, 0.49163199913448863, 0.4653302662042877, 0.47026615186016746, 0.4648790103268616, 0.46268591500173456, 0.45670598776131655, 0.45468501002143097, 0.4439512331134791, 0.4535721904419273, 0.43983604750610256, 0.428718080729048, 0.4287054180504119, 0.43822223569056795, 0.4203509645470138, 0.42056587363419234, 0.41255290974759656, 0.4162397539951949, 0.40719800608056606, 0.38760492544217184, 0.3918263265209624, 0.40726647713370656, 0.3997333276242057, 0.3842648451985003, 0.37818469688237555, 0.39080069278118257, 0.38367061493873517, 0.3800935590842981, 0.3600244310613825, 0.3642134135216567, 0.34500599863754866, 0.3719262268516775, 0.36093121195838485, 0.36290423370057495, 0.36051882621256426, 0.34181661753070997, 0.3388047246096688, 0.33812759205309517, 0.34796321459246915, 0.33762098358122555, 0.3382341145833947, 0.3241498948033742, 0.3320237990827059, 0.3241497001601512, 0.330116091116293, 0.3320975203296751, 0.30588082755600937, 0.3140828166406717, 0.3193038770220246, 0.31031330264700746, 0.3136977285069871, 0.31423409116247597, 0.32100904053613427, 0.31687252124549337, 0.309305156174975, 0.29819826669493693, 0.30454761083433973, 0.3020406377315307, 0.2978240871342038, 0.29255369899645506, 0.28832292803866516, 0.2953942502014808, 0.28608251656272865, 0.30101472093296083, 0.2781327393259294, 0.27908511438758365, 0.27706417712066506, 0.2779965811245577, 0.2839767513216573, 0.26895655105770633, 0.2955130497244626, 0.2807258581874041, 0.27365311425174754, 0.2715517176425508, 0.26144433505076203, 0.2655082774186635, 0.25922495480390323, 0.26843354685580495, 0.2713770402009764, 0.26564631268498085, 0.2634673377445039, 0.26497798946197304, 0.24993672106138368, 0.2606378414293108, 0.24028181803235948, 0.25783011719316545, 0.24655549664126203, 0.26556310677554756, 0.24055552940072827, 0.24824761265033077, 0.25370743356876824, 0.24917189514786237, 0.26164665612938204],