{"val_loss": [0.2637162692710383, 0.2583731731812371, 0.2455629453086396, 0.23533763114502856, 0.2312569793213056, 0.22005354450748368, 0.21582356350700038, 0.2140671144223298, 0.20648195062670674, 0.2022085998563528, 0.20032126493210062, 0.19645245762620056, 0.19439944966284858, 0.19184910174871944, 0.19168145998433408, 0.1887753807393758, 0.18830427873555936, 0.18860625794748184, 0.18962674171145286, 0.18938186974950316, 0.18552803089130537, 0.18565756493035354, 0.1850478918405321, 0.18432237744540345, 0.18470913230723024, 0.18302468857811865, 0.18362052597208925, 0.17983712120143672, 0.1790887558164748, 0.17978480038552888, 0.17912552890482167, 0.17943307053645602, 0.17673275986399467, 0.17823992133341904, 0.17669714950520707, 0.1769817227179466, 0.17567117436325308, 0.17673997334389166, 0.1769903401574681, 0.1780546182495583, 0.1774045457727824, 0.17859049571193497, 0.17932360631293745, 0.17685171334745436, 0.17572142196879864, 0.1788480628419868, 0.17744616141108607, 0.1739839779798523, 0.17439399570365127, 0.17623394160286754, 0.17673766796315812, 0.17869090804870022, 0.17688933877705618, 0.17900099177722695, 0.18044488247560986, 0.18046913141833526, 0.17951944683746407, 0.17857497158570648, 0.1781973665594915, 0.17743120635177376, 0.17681616254611648, 0.17789524913726473, 0.17580109676623126, 0.17846758081413858, 0.17817483211024493, 0.1782586242970442, 0.17687140311953428, 0.1755485342477696, 0.17734901617490656, 0.17938485363113482, 0.1791154208943427, 0.1780846446280713, 0.17999503005195044, 0.18271318400128883, 0.18107553855843916, 0.18074983165822955, 0.1820486784241581, 0.180316582714194, 0.18051317689776547, 0.18234718581261528, 0.1815321368193375, 0.18100375212473271, 0.17981404307138885, 0.17889510125473107, 0.18019300532848156, 0.1795583555537288, 0.17866818501650367, 0.1784669616035658, 0.17911404186511107, 0.18122356849498275, 0.18231604745245708, 0.1804486208757059, 0.18056209092810488, 0.17951556531286023, 0.18019091384490893, 0.1821959958771698, 0.18323876546675083, 0.18138404257080848, 0.17963685888431247, 0.18077599718285783], "val_acc": [0.9337016574585635, 0.9318600368324125, 0.9318600368324125, 0.9318600368324125, 0.9300184162062615, 0.9337016574585635, 0.9318600368324125, 0.9300184162062615, 0.9337016574585635, 0.9337016574585635, 0.9337016574585635, 0.9318600368324125, 0.9300184162062615, 0.9300184162062615, 0.9300184162062615, 0.9318600368324125, 0.9337016574585635, 0.9300184162062615, 0.9318600368324125, 0.9337016574585635, 0.9337016574585635, 0.9337016574585635, 0.9337016574585635, 0.9337016574585635, 0.9337016574585635, 0.9337016574585635, 0.9337016574585635, 0.9337016574585635, 0.9337016574585635, 0.9355432780847146, 0.9337016574585635, 0.9337016574585635, 0.9355432780847146, 0.9337016574585635, 0.9373848987108656, 0.9355432780847146, 0.9373848987108656, 0.9373848987108656, 0.9355432780847146, 0.9355432780847146, 0.9355432780847146, 0.9355432780847146, 0.9337016574585635, 0.9373848987108656, 0.9410681399631676, 0.9355432780847146, 0.9355432780847146, 0.9410681399631676, 0.9410681399631676, 0.9373848987108656, 0.9355432780847146, 0.9337016574585635, 0.9373848987108656, 0.9337016574585635, 0.9337016574585635, 0.9337016574585635, 0.9355432780847146, 0.9355432780847146, 0.9337016574585635, 0.9337016574585635, 0.9337016574585635, 0.9337016574585635, 0.9392265193370166, 0.9337016574585635, 0.9337016574585635, 0.9355432780847146, 0.9355432780847146, 0.9337016574585635, 0.9337016574585635, 0.9337016574585635, 0.9337016574585635, 0.9337016574585635, 0.9337016574585635, 0.9300184162062615, 0.9318600368324125, 0.9337016574585635, 0.9318600368324125, 0.9337016574585635, 0.9355432780847146, 0.9355432780847146, 0.9318600368324125, 0.9373848987108656, 0.9355432780847146, 0.9373848987108656, 0.9337016574585635, 0.9373848987108656, 0.9392265193370166, 0.9392265193370166, 0.9373848987108656, 0.9373848987108656, 0.9373848987108656, 0.9373848987108656, 0.9373848987108656, 0.9392265193370166, 0.9373848987108656, 0.9355432780847146, 0.9355432780847146, 0.9355432780847146, 0.9373848987108656, 0.9373848987108656], "loss": [2.4542351230209443, 0.9311637753108343, 0.7945355955229759, 0.761948383495487, 0.7014157721976293, 0.6814373207790588, 0.6411586606989652, 0.6466265547515587, 0.6069733549178933, 0.6069771889949951, 0.5969416634046145, 0.590515656106499, 0.5756603196189596, 0.5766896440141129, 0.5683894633959498, 0.5382572843759129, 0.5515502379087307, 0.5578961212256066, 0.5472538738451653, 0.5426713350180186, 0.5349424281107679, 0.5306936461331767, 0.5474283412361518, 0.5352134714148795, 0.5402312321004983, 0.5268861058393554, 0.5108713627260815, 0.5117966681286983, 0.5168700659729817, 0.5077904517589139, 0.4990005920836488, 0.5121437176790034, 0.5025134871665402, 0.5088007106181636, 0.48933765724741213, 0.4815392684109476, 0.47367161962395515, 0.4728877069599476, 0.47425422144791535, 0.473059694809499, 0.4754601382738507, 0.45656096763106485, 0.4609517266115883, 0.46580742250655, 0.45969056082006776, 0.4570327983617339, 0.46538458051487935, 0.44631092038549103, 0.43636262508877804, 0.427283669729026, 0.4413865676411022, 0.4353076753522466, 0.434271323763816, 0.4284375930642792, 0.4264876915492524, 0.42753680504429326, 0.4278598231407123, 0.42722627250023326, 0.4335030653579231, 0.4104668114832577, 0.4123020168717003, 0.4187528107960878, 0.41085247067982483, 0.4063606147447921, 0.4149618494946332, 0.40515250487046517, 0.41049616560876995, 0.4180712496304889, 0.4045466752103187, 0.4101745418958753, 0.39583926982848, 0.40691923789738454, 0.3979983406645684, 0.39367283978923107, 0.39040170307225563, 0.40281484167713705, 0.38820062809719164, 0.38772461701345634, 0.38055746362030274, 0.3912078466401208, 0.38053120943251706, 0.37963676224525944, 0.3930823258697549, 0.38401772273943324, 0.38502058716063703, 0.3824366346867928, 0.37256712245629847, 0.36432854357700234, 0.37714015931075207, 0.37798284571980345, 0.3707911242965571, 0.36963835973378045, 0.36475223386418143, 0.3604834319717769, 0.3691448855058935, 0.35428174168075294, 0.35797577651529966, 0.3719507398320195, 0.3677652825422366, 0.37167164479770265],