{"val_loss": [0.9303510400960155, 0.37419672770423595, 0.251535519128732, 0.2622514686039645, 0.12345671635845754, 0.13968222208952252, 0.14412026923411084, 0.1319055688211111, 0.11185640552273306, 0.12870453939947718, 0.1246832810452648, 0.11303066176713705, 0.10894948846589693, 0.13665003072850004, 0.12003502905794876, 0.12788573278369747, 0.12362492538932184, 0.14679936417134748, 0.12380605469883006, 0.1311348027161831, 0.1344639934587942, 0.1354854356200323, 0.14504737100819157, 0.12265983311052465, 0.13417893719109536], "val_acc": [0.85, 0.8964285714285715, 0.9357142857142857, 0.9107142857142857, 0.9357142857142857, 0.9392857142857143, 0.9535714285714286, 0.9464285714285714, 0.9535714285714286, 0.9464285714285714, 0.9535714285714286, 0.9571428571428572, 0.95, 0.95, 0.9571428571428572, 0.9571428571428572, 0.9535714285714286, 0.9464285714285714, 0.95, 0.95, 0.9571428571428572, 0.9571428571428572, 0.9535714285714286, 0.9535714285714286, 0.9571428571428572], "loss": [1.9370841302035278, 0.7601211001189415, 0.3736447201807658, 0.1539780574656435, 0.12089018078584371, 0.04203381271009225, 0.030529369005773115, 0.02826588427077667, 0.007706911223900954, 0.012570612641225, 0.008789011509760417, 0.004450911553026526, 0.0038450051261887676, 0.003777971136818987, 0.0027718262332493246, 0.0022792392570233117, 0.002749030154683409, 0.0026350602860149286, 0.002320533917588963, 0.002579759770265818, 0.0021189186787122496, 0.0012126316046824947, 0.0011685147289045457, 0.002496931921260906, 0.001588114242893226], "acc": [0.7300884955752213, 0.8557522123893805, 0.8955752212389381, 0.9557522123893806, 0.9584070796460177, 0.9823008849557522, 0.9867256637168141, 0.9902654867256637, 1.0, 0.9964601769911504, 0.9982300884955753, 1.0, 0.9991150442477876, 1.0, 1.0, 1.0, 0.9991150442477876, 1.0, 1.0, 1.0, 1.0, 1.0, 1.0, 1.0, 1.0]}