{"val_loss": [2.210471421668749, 1.5115676458650062, 0.9981421280122614, 0.92776825261672, 0.5964640432535854, 0.32563315440442736, 0.2421341242958937, 0.19917133151952446, 0.19778651909155315, 0.16383729453797713, 0.156260376988247, 0.16990632789806107, 0.15788152490358912, 0.16601206240367297, 0.15716247035191339, 0.1493699937151493, 0.16606845165945056, 0.17390084378649528, 0.17755416028923734, 0.1843532944510824, 0.17398207203788874, 0.1766278105141958, 0.1764284722814041, 0.17322664306751243, 0.16238150952143474], "val_acc": [0.7863720073664825, 0.8710865561694291, 0.8968692449355433, 0.8839779005524862, 0.9060773480662984, 0.9300184162062615, 0.9355432780847146, 0.9429097605893186, 0.9392265193370166, 0.9521178637200737, 0.9558011049723757, 0.9539594843462247, 0.9558011049723757, 0.9539594843462247, 0.9594843462246777, 0.9631675874769797, 0.9594843462246777, 0.9539594843462247, 0.9539594843462247, 0.9521178637200737, 0.9521178637200737, 0.9613259668508287, 0.9484346224677717, 0.9558011049723757, 0.9594843462246777], "loss": [6.283253354119707, 2.390940890021571, 1.4541216492903979, 0.8679575380031688, 0.5803072409617518, 0.31504016215289343, 0.16830573271463367, 0.08929331310179346, 0.06492924958830171, 0.03870508962186245, 0.03809996546899264, 0.02361096874696047, 0.01148579365004594, 0.011159964240656687, 0.0073266599889037975, 0.009036591621953966, 0.006021285274431916, 0.00467774504213037, 0.00507899110382097, 0.0034599645385841667, 0.006984743106411381, 0.003119032409779864, 0.004125084102746554, 0.0028511569441632663, 0.005076036799105328], "acc": [0.5731452455590387, 0.7842215256008359, 0.8657262277951933, 0.9012539184952978, 0.9278996865203761, 0.9467084639498433, 0.9681295715778474, 0.9764890282131662, 0.9817136886102403, 0.990073145245559, 0.9843260188087775, 0.9895506792058516, 0.9973876698014629, 0.9973876698014629, 0.9979101358411703, 0.9973876698014629, 0.9989550679205852, 0.9989550679205852, 0.9984326018808778, 0.9994775339602926, 0.9979101358411703, 0.9994775339602926, 0.9994775339602926, 1.0, 0.9984326018808778]}