{"val_loss": [0.29062292451253174, 0.28036139591229, 0.2820645169505221, 0.20106814330767792, 0.22984185481640024, 0.22722204358101739, 0.2342252146412687, 0.23542432351081882, 0.26334445583876515, 0.265906750310054, 0.22623665793386813, 0.2526943355899578, 0.24316063685940176, 0.2668986568724693, 0.25609056562979576, 0.25489286035854963, 0.25205317406572586, 0.250042754080794, 0.2540505538780682, 0.25235146551943577, 0.2482240048640226, 0.276571798610407, 0.25963293485779065, 0.25714916888775613, 0.26477720379304354, 0.2548474812497159, 0.269407822093612, 0.2837528637408832, 0.29767066462594144, 0.27841097805806514, 0.28816240295133727, 0.30216306797363657, 0.31151467848763814, 0.3078546770184912, 0.3258366781827191, 0.31081928018498095, 0.3103479220368598, 0.3070321987939999, 0.28022330549657903, 0.28285547158858065, 0.3140913706953362, 0.2931444944845206, 0.2899768307564131, 0.30568855562150626, 0.3030557301242446, 0.3079791235628606, 0.3034378569433061, 0.30599058691053155, 0.2991347630477938, 0.3137470548458845, 0.321649502856756, 0.30058882015129884, 0.303512616648351, 0.31075567301367885, 0.3021111621402503, 0.3067202296731537, 0.30693645524209023, 0.3131111045818348, 0.3121913504905188, 0.31062362773104474, 0.30049516991709607, 0.27589137799528834, 0.28186770907828473, 0.29624067549867467, 0.29688905381183867, 0.3106253114710763, 0.31383473037401666, 0.32269255336800956, 0.32006774283013045, 0.3069035357065189, 0.3069708701648194, 0.2943199985471124, 0.29111550280027304, 0.29179927272561446, 0.28815350089745534, 0.291789125301546, 0.2839687091221477, 0.30279770619278257, 0.30664316384655865, 0.3137607501966445, 0.3034590284042594, 0.2944822973305818, 0.30580911646674075, 0.3305811499093852, 0.3183181955780141, 0.3253866736651648, 0.29370842392135665, 0.29201484776646275, 0.31926485589739223, 0.30325277457135363, 0.34111036611100437, 0.31185875360639453, 0.325661378361216, 0.3211932994735858, 0.3472703022907743, 0.3257139657661208, 0.3276725077495372, 0.33169129312324, 0.3153852023974776, 0.33592749768967695], "val_acc": [0.9465930018416207, 0.9410681399631676, 0.9429097605893186, 0.9613259668508287, 0.9484346224677717, 0.9521178637200737, 0.9558011049723757, 0.9539594843462247, 0.9502762430939227, 0.9429097605893186, 0.9558011049723757, 0.9521178637200737, 0.9521178637200737, 0.9484346224677717, 0.9484346224677717, 0.9465930018416207, 0.9502762430939227, 0.9521178637200737, 0.9502762430939227, 0.9502762430939227, 0.9539594843462247, 0.9447513812154696, 0.9521178637200737, 0.9539594843462247, 0.9484346224677717, 0.9539594843462247, 0.9539594843462247, 0.9410681399631676, 0.9465930018416207, 0.9521178637200737, 0.9484346224677717, 0.9502762430939227, 0.9410681399631676, 0.9521178637200737, 0.9484346224677717, 0.9502762430939227, 0.9429097605893186, 0.9447513812154696, 0.9392265193370166, 0.9465930018416207, 0.9355432780847146, 0.9447513812154696, 0.9447513812154696, 0.9447513812154696, 0.9373848987108656, 0.9392265193370166, 0.9465930018416207, 0.9429097605893186, 0.9429097605893186, 0.9465930018416207, 0.9392265193370166, 0.9410681399631676, 0.9410681399631676, 0.9355432780847146, 0.9410681399631676, 0.9410681399631676, 0.9373848987108656, 0.9373848987108656, 0.9392265193370166, 0.9429097605893186, 0.9337016574585635, 0.9465930018416207, 0.9410681399631676, 0.9465930018416207, 0.9447513812154696, 0.9392265193370166, 0.9410681399631676, 0.9410681399631676, 0.9410681399631676, 0.9373848987108656, 0.9355432780847146, 0.9429097605893186, 0.9410681399631676, 0.9410681399631676, 0.9392265193370166, 0.9465930018416207, 0.9429097605893186, 0.9465930018416207, 0.9465930018416207, 0.9410681399631676, 0.9447513812154696, 0.9484346224677717, 0.9447513812154696, 0.9410681399631676, 0.9410681399631676, 0.9429097605893186, 0.9392265193370166, 0.9373848987108656, 0.9429097605893186, 0.9373848987108656, 0.9373848987108656, 0.9447513812154696, 0.9465930018416207, 0.9429097605893186, 0.9373848987108656, 0.9355432780847146, 0.9355432780847146, 0.9373848987108656, 0.9429097605893186, 0.9373848987108656], "loss": [0.25884184631356016, 0.18855366432835483, 0.1705101204952684, 0.1532469211530437, 0.0981763734759944, 0.09589663407524279, 0.0820256681038027, 0.0866602179742432, 0.07560779500271227, 0.06701697629940798, 0.07326722272743784, 0.06173729758301263, 0.06272789888108038, 0.06385001611966466, 0.06186081347233911, 0.058961801149110586, 0.05568473182635213, 0.05384455982654441, 0.05945429550995937, 0.05904168308105687, 0.0625860822382859, 0.06367430462946905, 0.04904669674377513, 0.059269260107884435, 0.0568632176606925, 0.06253847722739284, 0.046455359856451495, 0.05121126982539203, 0.044009885437052976, 0.04612760970241473, 0.041586042720368144, 0.043603559512487, 0.05466775079314767, 0.04691983371186866, 0.04648012375315357, 0.04557439282517688, 0.05094163211969964, 0.05225963424742006, 0.060491978179364705, 0.04952412049077653, 0.04840662425114546, 0.046612579900366206, 0.05321345331659516, 0.03754516356376021, 0.04815793290645662, 0.03680271121577884, 0.04466905808147711, 0.044409063098217176, 0.03956125937065607, 0.03239494247042209, 0.041411244663022574, 0.04266759761042491, 0.04374792849852461, 0.038442173142328825, 0.03807578447723938, 0.03300609624505093, 0.04235532551506897, 0.03871169140659091, 0.038652636884538676, 0.04083496774025993, 0.04504491005382486, 0.04325776085857936, 0.04056620203597627, 0.04112710048975885, 0.037781535313690585, 0.04026764314416425, 0.038099180720565146, 0.033522162247042984, 0.03987581197551206, 0.036683105170001166, 0.038110943422929346, 0.03452508963326653, 0.03703631277740864, 0.034566763960332765, 0.03684831601020834, 0.03133406112227085, 0.03549213772869426, 0.02894206722337787, 0.030220187720309787, 0.03872572409584426, 0.03055918964047603, 0.03762141906738414, 0.03396244230996334, 0.033941061288632154, 0.031869391610460526, 0.03268903496504698, 0.03191948119710154, 0.036686923258797154, 0.028839031825913068, 0.04372540988129918, 0.028109443227219994, 0.0344775931239285, 0.03051205524568859, 0.027924360484273113, 0.03233051428805125, 0.03301019882661673, 0.029914244772700483, 0.03479456533831649, 0.032157588459278255, 0.027997422717910614],