{"val_loss": [0.28410669730201654, 0.16498541339060407, 0.13598221510105896, 0.4567332221522837, 0.17094184788121777, 0.1580640448887201, 0.16916191746770448, 0.17670791810088268, 0.1328727476916018, 0.1436569230590741, 0.1475660456135142, 0.15410926251041562, 0.1374251037357562, 0.15383306011770834, 0.14542046085655372, 0.1451480239721055, 0.16344126424637068, 0.1667659338938769, 0.15352332636566532, 0.1454405369011851, 0.14778698599197826, 0.17212856725298425, 0.1596681650686973, 0.16485154310991235, 0.1631124907935009, 0.1480455875162532, 0.15437635324051985, 0.14999271906525527, 0.15692249941019878, 0.15974362485108254, 0.15916197379069716, 0.1575326421914833, 0.15472225527188266, 0.15695520413180428, 0.16280086967454369, 0.1659859123322016, 0.1647306946989774, 0.16374582819067277, 0.1681339590131954, 0.17821888006436673, 0.16546339349064293, 0.17058411629951462, 0.17012911986239806, 0.16568370821847195, 0.1666288055211736, 0.16623315173798595, 0.15888385024925053, 0.17290057115680818, 0.16425923256084382, 0.16438213967790638, 0.17773096021277227, 0.16513131643477086, 0.17498295176560286, 0.1641253488193819, 0.172489236171342, 0.17581044156895517, 0.18768510889855736, 0.16146338873240854, 0.17179864556614033, 0.17359606823975257, 0.17963962642471765, 0.18728043606310119, 0.1767412166326423, 0.18747815986135657, 0.16416682833867252, 0.19175399485447425, 0.2097938855382187, 0.2036750369635601, 0.20301591868180646, 0.1782287634679679, 0.18790689515370004, 0.19575548974938223, 0.1974036432763593, 0.21046153716336974, 0.20148220805227507, 0.21543713480340698, 0.21223612021796268, 0.17782540697792704, 0.19150972335301206, 0.1831232942570399, 0.19170625636990551, 0.22870182824044322, 0.2019357659035661, 0.19056703744511927, 0.19723199100681268, 0.1747615303614047, 0.19079894798642236, 0.2198457106896637, 0.20162984964771427, 0.20460851700823673, 0.21711731674391313, 0.20947423022121026, 0.2197278170674183, 0.21419855649372285, 0.23819626725819848, 0.23596791966981973, 0.2185163959663678, 0.21747246753663232, 0.1702995357496112, 0.2043869712156812], "val_acc": [0.9410681399631676, 0.9594843462246777, 0.9631675874769797, 0.8913443830570903, 0.9539594843462247, 0.9558011049723757, 0.9539594843462247, 0.9484346224677717, 0.9594843462246777, 0.9594843462246777, 0.9539594843462247, 0.9539594843462247, 0.9613259668508287, 0.9558011049723757, 0.9613259668508287, 0.9631675874769797, 0.9558011049723757, 0.9539594843462247, 0.9521178637200737, 0.9576427255985267, 0.9594843462246777, 0.9521178637200737, 0.9594843462246777, 0.9521178637200737, 0.9539594843462247, 0.9613259668508287, 0.9613259668508287, 0.9594843462246777, 0.9576427255985267, 0.9539594843462247, 0.9613259668508287, 0.9576427255985267, 0.9539594843462247, 0.9613259668508287, 0.9576427255985267, 0.9576427255985267, 0.9594843462246777, 0.9613259668508287, 0.9613259668508287, 0.9558011049723757, 0.9576427255985267, 0.9576427255985267, 0.9521178637200737, 0.9539594843462247, 0.9594843462246777, 0.9594843462246777, 0.9539594843462247, 0.9576427255985267, 0.9594843462246777, 0.9594843462246777, 0.9558011049723757, 0.9613259668508287, 0.9576427255985267, 0.9576427255985267, 0.9594843462246777, 0.9558011049723757, 0.9539594843462247, 0.9576427255985267, 0.9576427255985267, 0.9576427255985267, 0.9594843462246777, 0.9521178637200737, 0.9558011049723757, 0.9576427255985267, 0.9594843462246777, 0.9539594843462247, 0.9429097605893186, 0.9502762430939227, 0.9502762430939227, 0.9576427255985267, 0.9576427255985267, 0.9447513812154696, 0.9502762430939227, 0.9429097605893186, 0.9447513812154696, 0.9373848987108656, 0.9373848987108656, 0.9594843462246777, 0.9539594843462247, 0.9576427255985267, 0.9539594843462247, 0.9373848987108656, 0.9484346224677717, 0.9576427255985267, 0.9502762430939227, 0.9576427255985267, 0.9576427255985267, 0.9392265193370166, 0.9521178637200737, 0.9484346224677717, 0.9392265193370166, 0.9410681399631676, 0.9373848987108656, 0.9392265193370166, 0.9300184162062615, 0.9373848987108656, 0.9429097605893186, 0.9410681399631676, 0.9576427255985267, 0.9465930018416207], "loss": [0.5385237936964214, 0.35314840646558526, 0.25029514531292074, 0.17718399159661247, 0.24791033703084012, 0.16821113947861946, 0.18661657901954629, 0.18464910823959793, 0.1997755437125844, 0.15495427191757227, 0.13514218109931295, 0.14674869154468495, 0.1517326438237412, 0.153476332237657, 0.13464737660116927, 0.1323782206793969, 0.11528098323911316, 0.10187171435684331, 0.11651154598501583, 0.10658143656443339, 0.1229861465043701, 0.11317246822089032, 0.09914571884280897, 0.08860581591292692, 0.10033221036991062, 0.09344439615668056, 0.09034670951024008, 0.08903710000411162, 0.09174479872604965, 0.08173866369771497, 0.09786002016124297, 0.09576858207279045, 0.09027910167216083, 0.08192386160345191, 0.09454074743019844, 0.0879575016910008, 0.08917370595547285, 0.0874029402387546, 0.0973184886379063, 0.08056181887833941, 0.08204848257766209, 0.07485034660247905, 0.07585587652122251, 0.08306013871264792, 0.08123510659452887, 0.08445335720636737, 0.07852855786698774, 0.08533849674760226, 0.09089546221296249, 0.08048858366005668, 0.0902305203095514, 0.08306506326411697, 0.08319567998179267, 0.08654654312053545, 0.07941153996724681, 0.08809625580872248, 0.07879280613300947, 0.08961600114543246, 0.08965287303651247, 0.08833183789619818, 0.07715757463602865, 0.08958697241690429, 0.08743754485543467, 0.07648751215939623, 0.08407957120737605, 0.08115069102547594, 0.07174057900748466, 0.07499262174580716, 0.07705734172201949, 0.0740579953489989, 0.08257574716387153, 0.07792388326000516, 0.07977659684360776, 0.0795807227961269, 0.07520459756359858, 0.08945296273269712, 0.07966875844897017, 0.08186797822099616, 0.08506317834037525, 0.08042880718378342, 0.07994545579098317, 0.08106664896148828, 0.07046438408018973, 0.0742142739825492, 0.07247468660893291, 0.06258543833293505, 0.07436187915902584, 0.07013489572414269, 0.07262031708615814, 0.07860911857106925, 0.07809394374424611, 0.07139251192960126, 0.06330985422116392, 0.07575354482341118, 0.07437249586077967, 0.08004988005176435, 0.07078119441288781, 0.06795630585700373, 0.06796566233007031, 0.06892993882802026],