{"val_loss": [0.20705808870811623, 0.19878601654647127, 0.1629578942587441, 0.24945397957464402, 0.19634675094477208, 0.13993607090865845, 0.14085378854871522, 0.14018877299601107, 0.1562299758150101, 0.15397396577219294, 0.14941498155566413, 0.1431213269586808, 0.14221416567278944, 0.140551400445885, 0.15879562809990755, 0.15376385964528252, 0.15395140679670408, 0.1651621963652066, 0.17005565321276855, 0.16687024742047218, 0.1728102414511998, 0.16444935108065245, 0.1660334863969309, 0.1774318997819574, 0.15259687888343962, 0.17860153159513037, 0.19048677109626838, 0.18112249297026012, 0.19113168488475513, 0.20257119074487145, 0.189358337055341, 0.19016881228845894, 0.20872162059331817, 0.2284796405065449, 0.21143911330279305, 0.23107008522819097, 0.20183754616125105, 0.17884740095918442, 0.176341756571221, 0.1827269279919492, 0.1902937625881991, 0.214063397490208, 0.22813114543226304, 0.19842155785909923, 0.192097613608027, 0.17404005396036434, 0.19116400796149013, 0.20567672596361433, 0.16989442231612673, 0.2180251073083777, 0.1825498641375472, 0.17744456259688332, 0.1968724378111728, 0.18288277762941596, 0.1914699309555006, 0.20015853351919025, 0.19809278462661703, 0.21106534259597037, 0.19551075742403223, 0.21192298279301064, 0.19923543489104623, 0.2019351352843544, 0.17656356082574065, 0.1904326178115409, 0.21005314355747992, 0.20548163156263388, 0.19782137405130543, 0.1893973927196094, 0.21059908390216725, 0.1971126363508986, 0.19748105435509353, 0.2273977166873626, 0.19867589038568792, 0.17451707808768924, 0.2056257800026389, 0.20681888380616312, 0.20903826616167412, 0.2166181301112788, 0.1774842918449097, 0.20838006252776067, 0.19539508924636287, 0.2123986182957547, 0.21060370622836175, 0.20858326328446994, 0.197572812879686, 0.20116873076675398, 0.21854872780710316, 0.18688858234234781, 0.22250859343885113, 0.2730179659114852, 0.18825840717034695, 0.2170303742202672, 0.2105418748302565, 0.21848187098501348, 0.20937277725222686, 0.21956662716991251, 0.23559192860515304, 0.21887357508627311, 0.24956620215769554, 0.2420372073289389], "val_acc": [0.9594843462246777, 0.9558011049723757, 0.9631675874769797, 0.9318600368324125, 0.9484346224677717, 0.9576427255985267, 0.9631675874769797, 0.9594843462246777, 0.9502762430939227, 0.9594843462246777, 0.9576427255985267, 0.9539594843462247, 0.9558011049723757, 0.9539594843462247, 0.9484346224677717, 0.9502762430939227, 0.9539594843462247, 0.9502762430939227, 0.9484346224677717, 0.9502762430939227, 0.9465930018416207, 0.9521178637200737, 0.9521178637200737, 0.9484346224677717, 0.9558011049723757, 0.9465930018416207, 0.9447513812154696, 0.9465930018416207, 0.9429097605893186, 0.9484346224677717, 0.9484346224677717, 0.9447513812154696, 0.9429097605893186, 0.9429097605893186, 0.9410681399631676, 0.9373848987108656, 0.9410681399631676, 0.9539594843462247, 0.9558011049723757, 0.9558011049723757, 0.9502762430939227, 0.9373848987108656, 0.9392265193370166, 0.9447513812154696, 0.9465930018416207, 0.9539594843462247, 0.9465930018416207, 0.9429097605893186, 0.9521178637200737, 0.9392265193370166, 0.9502762430939227, 0.9539594843462247, 0.9484346224677717, 0.9502762430939227, 0.9447513812154696, 0.9465930018416207, 0.9484346224677717, 0.9447513812154696, 0.9429097605893186, 0.9410681399631676, 0.9465930018416207, 0.9447513812154696, 0.9576427255985267, 0.9502762430939227, 0.9429097605893186, 0.9429097605893186, 0.9484346224677717, 0.9502762430939227, 0.9447513812154696, 0.9429097605893186, 0.9465930018416207, 0.9373848987108656, 0.9484346224677717, 0.9576427255985267, 0.9429097605893186, 0.9465930018416207, 0.9447513812154696, 0.9429097605893186, 0.9576427255985267, 0.9465930018416207, 0.9521178637200737, 0.9392265193370166, 0.9392265193370166, 0.9373848987108656, 0.9484346224677717, 0.9465930018416207, 0.9373848987108656, 0.9539594843462247, 0.9392265193370166, 0.9318600368324125, 0.9539594843462247, 0.9429097605893186, 0.9465930018416207, 0.9429097605893186, 0.9447513812154696, 0.9410681399631676, 0.9373848987108656, 0.9392265193370166, 0.9373848987108656, 0.9300184162062615], "loss": [0.5478115848703788, 0.2437740987455928, 0.2765779384056328, 0.23013676520414073, 0.2615013128263105, 0.22599661985376018, 0.2128889966177392, 0.17884611415605817, 0.1738810099130712, 0.1574692370700024, 0.17410708161832303, 0.12445252430049424, 0.14466806922438116, 0.13480974883800187, 0.12376876055068832, 0.12556457956591616, 0.11727189612677331, 0.12984081982610793, 0.10931631044631614, 0.09737771394696637, 0.10650325083659734, 0.1088591900318977, 0.09903920414167548, 0.10258307639905209, 0.1019728960779044, 0.10846017606690884, 0.08608777317642528, 0.0927576611081919, 0.08430025954934346, 0.08581590378726037, 0.10173591409200147, 0.10397743779407928, 0.09385987645482734, 0.0970737054515705, 0.0977517966009445, 0.08403953687914953, 0.09008535647407602, 0.08636630278460022, 0.08202494099988035, 0.0859648255479756, 0.08435839931832263, 0.08087820465630564, 0.0797310086332434, 0.08881564917753232, 0.07864242732945913, 0.08154750727650578, 0.08495468151723264, 0.08534598079358226, 0.09035501671350947, 0.09144963946742739, 0.08895741672738872, 0.07898541882553861, 0.08141761720854916, 0.07994978819994827, 0.07654529121930222, 0.08586132037633173, 0.079288480072943, 0.08439149885888099, 0.09185362277316172, 0.08045913590804502, 0.0796191135994395, 0.07644226894783528, 0.08076087407162005, 0.07618059957796022, 0.07453173000948947, 0.07864358736926107, 0.06700934706169547, 0.07196266371609503, 0.07456849203285644, 0.07762364083039985, 0.08124962440264184, 0.07979308867584632, 0.0751235697842493, 0.07182864016847074, 0.07882278802219318, 0.07021886350176769, 0.0717330216136868, 0.06586360546514111, 0.07583063537326239, 0.07650401273403853, 0.07170912314892222, 0.0780480639743932, 0.06779292950379988, 0.06613089557613967, 0.06759393361889025, 0.07552760900588233, 0.07530141083350997, 0.07239991186098461, 0.06724044770850875, 0.07048770706461657, 0.06955380161474405, 0.07268693862181586, 0.06117016523671666, 0.06364839752283732, 0.06364535731500721, 0.07278678759126951, 0.07731445809250491, 0.06787690835793322, 0.06612641657698948, 0.06769355981824203],