{"val_loss": [0.943129442392278, 0.5011511106387723, 0.4058421338884121, 0.19662678085668264, 0.17146494927746725, 0.16784713882789248, 0.15368099858747722, 0.16017025699510098, 0.16911678893576185, 0.1755390116936256, 0.17119548307968827, 0.17235431876089333, 0.16657185846760864, 0.15721117966195247, 0.16515122070411742, 0.1660009198899952, 0.17773690006602472, 0.17424466090611382, 0.1758411805387889, 0.17794768942833364, 0.18101264029743158, 0.17978744719308692, 0.18422354846117267, 0.1832303615690275, 0.18231247983477586], "val_acc": [0.8895027624309392, 0.9134438305709024, 0.9023941068139963, 0.9410681399631676, 0.9465930018416207, 0.9465930018416207, 0.9558011049723757, 0.9594843462246777, 0.9594843462246777, 0.9558011049723757, 0.9613259668508287, 0.9631675874769797, 0.9668508287292817, 0.9686924493554327, 0.9613259668508287, 0.9650092081031307, 0.9668508287292817, 0.9668508287292817, 0.9686924493554327, 0.9686924493554327, 0.9668508287292817, 0.9613259668508287, 0.9650092081031307, 0.9668508287292817, 0.9668508287292817], "loss": [2.1557423428368243, 1.024651427916094, 0.447513083227355, 0.1700021541283352, 0.09616538760741798, 0.05786018174222336, 0.03535646482862749, 0.020603908494141836, 0.017040368001355215, 0.015984552395110183, 0.017240211436332177, 0.009953013427850555, 0.010652801270984053, 0.009143718272030683, 0.007177898583886279, 0.008200965835701927, 0.0035091526041717918, 0.005068663359848077, 0.003095827887627706, 0.0031874069984904104, 0.002359499940862602, 0.00434698911893304, 0.0038443669586365296, 0.0025259613093345564, 0.0033881822537956195], "acc": [0.758098223615465, 0.8683385579937304, 0.9179728317659352, 0.9409613375130617, 0.9644723092998955, 0.9749216300940439, 0.9885057471264368, 0.9937304075235109, 0.9937304075235109, 0.9947753396029259, 0.9926854754440961, 0.9968652037617555, 0.9968652037617555, 0.9989550679205852, 0.9979101358411703, 0.9979101358411703, 0.9994775339602926, 0.9989550679205852, 1.0, 0.9994775339602926, 1.0, 0.9984326018808778, 0.9994775339602926, 1.0, 0.9994775339602926]}