{"val_loss": [0.5532302622088013, 0.5204808800564279, 0.5011307905017611, 0.4956531778158173, 0.47676445172011445, 0.4565438707152088, 0.43295648792062374, 0.41426618332902354, 0.42119709830319196, 0.41864413782194315, 0.38592596298102155, 0.3946599835831235, 0.40805515556900185, 0.39214565253036304, 0.3812857313339828, 0.38456091240986995, 0.3746872872807923, 0.3703613126437644, 0.3578286960672936, 0.36990380750122126, 0.35649600979547175, 0.3588137118668353, 0.3660541999368045, 0.36256322582235456, 0.3709634495122124, 0.36111164528185186, 0.3658982791781335, 0.37311914538529556, 0.35452341634855233, 0.35286396713456764, 0.3597023663830063, 0.35743807043542686, 0.3559217651781794, 0.36070907220974363, 0.34693178793738416, 0.3574389715609626, 0.36264289727048776, 0.363239165801766, 0.35439989250223275, 0.36047895188052526, 0.33873287791026835, 0.3614617916614156, 0.35277856346851194, 0.3572236962717647, 0.3400526842223503, 0.3472843584688233, 0.3544762015128452, 0.3620071502315815, 0.3551324522930942, 0.36188749606942794, 0.35655051302078694, 0.3483088210714815, 0.35261899710975103, 0.34972880446122273, 0.3490483761648767, 0.3527403371216966, 0.34856504460267795, 0.34998174240853286, 0.3512908068798918, 0.3527143722138121, 0.35246873229069475, 0.34960094341612563, 0.3499525063326806, 0.3635290201523482, 0.35491611214667507, 0.3538189740201452, 0.3658562724068909, 0.34245575599549066, 0.34049848357583684, 0.3473788330210312, 0.343709223107769, 0.33502613037073525, 0.36021409871356613, 0.35319232330319017, 0.34770924437830825, 0.3378488610824328, 0.36128918536986304, 0.3586754677131748, 0.36175122919530245, 0.34522593198982504, 0.35791648652449953, 0.34194234988852645, 0.34264426497330314, 0.3443914369886151, 0.344094753834544, 0.353177063125437, 0.337248494521503, 0.3486490478393978, 0.365133850779723, 0.34607307973538565, 0.357935128196309, 0.3542831001601002, 0.35195591740931964, 0.3556255200878867, 0.3578641880412096, 0.3650238813510582, 0.37057873675601466, 0.35400082941386724, 0.35475932194928395, 0.3596123116848048], "val_acc": [0.9042357274401474, 0.9060773480662984, 0.9042357274401474, 0.9005524861878453, 0.9005524861878453, 0.9023941068139963, 0.9042357274401474, 0.9060773480662984, 0.9023941068139963, 0.9023941068139963, 0.9097605893186004, 0.9079189686924494, 0.9023941068139963, 0.9060773480662984, 0.9079189686924494, 0.9060773480662984, 0.9079189686924494, 0.9097605893186004, 0.9116022099447514, 0.9116022099447514, 0.9171270718232044, 0.9152854511970534, 0.9097605893186004, 0.9116022099447514, 0.9060773480662984, 0.9134438305709024, 0.9079189686924494, 0.9042357274401474, 0.9134438305709024, 0.9116022099447514, 0.9097605893186004, 0.9079189686924494, 0.9079189686924494, 0.9060773480662984, 0.9171270718232044, 0.9079189686924494, 0.9097605893186004, 0.9097605893186004, 0.9097605893186004, 0.9116022099447514, 0.9189686924493554, 0.9097605893186004, 0.9134438305709024, 0.9134438305709024, 0.9134438305709024, 0.9134438305709024, 0.9134438305709024, 0.9116022099447514, 0.9134438305709024, 0.9116022099447514, 0.9134438305709024, 0.9152854511970534, 0.9134438305709024, 0.9116022099447514, 0.9134438305709024, 0.9134438305709024, 0.9134438305709024, 0.9134438305709024, 0.9134438305709024, 0.9134438305709024, 0.9134438305709024, 0.9134438305709024, 0.9134438305709024, 0.9134438305709024, 0.9134438305709024, 0.9134438305709024, 0.9134438305709024, 0.9134438305709024, 0.9189686924493554, 0.9134438305709024, 0.9134438305709024, 0.9189686924493554, 0.9134438305709024, 0.9134438305709024, 0.9134438305709024, 0.9134438305709024, 0.9134438305709024, 0.9134438305709024, 0.9134438305709024, 0.9152854511970534, 0.9134438305709024, 0.9152854511970534, 0.9152854511970534, 0.9134438305709024, 0.9152854511970534, 0.9134438305709024, 0.9152854511970534, 0.9152854511970534, 0.9134438305709024, 0.9134438305709024, 0.9134438305709024, 0.9134438305709024, 0.9171270718232044, 0.9152854511970534, 0.9171270718232044, 0.9152854511970534, 0.9134438305709024, 0.9171270718232044, 0.9171270718232044, 0.9152854511970534], "loss": [2.4528915134271116, 0.9114469542174499, 0.8009346149783881, 0.7642972105445708, 0.6976902009776884, 0.6827461398475375, 0.6588198277665205, 0.6376704485955618, 0.6135534446212786, 0.6168880185113939, 0.5956715253413369, 0.5855059972361775, 0.568001150975905, 0.5711794699725423, 0.5617819837309846, 0.5659550738566173, 0.5541135083182164, 0.5504574928707745, 0.532942024499466, 0.5455109113402119, 0.5338379903416691, 0.5368342546488488, 0.5292933212881256, 0.5280569344694515, 0.5138563635068593, 0.5331935381604764, 0.512292538163624, 0.5210859875468189, 0.5342795461697977, 0.4963334541226024, 0.4954401657350586, 0.49970120348570557, 0.5020362404249307, 0.49944081935311924, 0.49211840621789854, 0.49245411079864004, 0.48608922517613695, 0.48406202343823884, 0.46665997863924785, 0.4780460261945859, 0.4631815906305084, 0.4730123609918498, 0.45662833088824634, 0.44884803004819773, 0.44063902356192425, 0.449274680542002, 0.4375752504584608, 0.4539110060818829, 0.4422730519647356, 0.42803537081503734, 0.4356350772637633, 0.44345085409119195, 0.4365350793034231, 0.4283308056018329, 0.4166796483453785, 0.41997961327062566, 0.41256026119682154, 0.40094088946851464, 0.4094113252352961, 0.4074162475414046, 0.4240190732693837, 0.4150688992780993, 0.3984372718818048, 0.40059799291055415, 0.4011803140378773, 0.3904589909583071, 0.3846909659631237, 0.39618189340650006, 0.38314099549241665, 0.39549832338180657, 0.3977142302492753, 0.3873851298101968, 0.3895491518389687, 0.3911634630284831, 0.3842882746658681, 0.3814434409764977, 0.38104960781247416, 0.3915687344620472, 0.37831722382674143, 0.37602903449992686, 0.37208528243291417, 0.3571840772209903, 0.36825033280299124, 0.3790273924004868, 0.36627837419247133, 0.3649260120272265, 0.3557310844672917, 0.37756015032251505, 0.3479254441915593, 0.3608366615756484, 0.3618720703254502, 0.352326054343421, 0.3506690752246992, 0.34378989220139705, 0.35398019803648395, 0.35439967226361047, 0.34521889605359846, 0.3472763735614194, 0.3529310076442268, 0.3529048961647815],