{"val_loss": [0.5194507722689683, 0.4966137909922884, 0.4854620057358912, 0.4937622261174183, 0.47109704866765834, 0.45287120956095583, 0.4490902351914897, 0.4300635554443612, 0.43193537240985697, 0.43034190331248323, 0.4058043160203155, 0.42597986110958436, 0.3975729146978437, 0.401388776716688, 0.38604198326152916, 0.3811400294029155, 0.3896469554177849, 0.3818717888971472, 0.3821888627672446, 0.3767233733597382, 0.39051861204184907, 0.3846894122248552, 0.37197683114355434, 0.3798543598402036, 0.36784961996909715, 0.37994368086636027, 0.3714624795377595, 0.36517432918072895, 0.3604134774692308, 0.3664601432892557, 0.3628260093577849, 0.373910875802309, 0.3508703198304686, 0.34923498215324583, 0.37134421509933596, 0.3683253950585759, 0.35678760400071147, 0.3740889666586977, 0.3617779528515438, 0.37529987725038166, 0.3592418571447569, 0.36364330001283435, 0.3637461207885562, 0.37090265899696045, 0.37039976565820737, 0.3675162818295144, 0.3645574206858862, 0.34567190054087094, 0.3581674341325845, 0.3553765098964076, 0.35484065353808947, 0.33345921263986555, 0.3572300629771922, 0.36053185872093196, 0.3483887201975236, 0.3592117623017304, 0.3741329415625306, 0.3497711751442902, 0.3697930661122132, 0.37007205241290775, 0.35866853574103236, 0.36702859780373015, 0.36285030624915127, 0.36553896558782334, 0.3471166114902399, 0.3420199974215246, 0.3462212431427864, 0.34306703211573625, 0.3574425736926649, 0.3581989115195687, 0.3585901507362457, 0.36446720191359555, 0.35128441183588477, 0.34909399072347624, 0.35612827252262375, 0.35765587136990007, 0.3615776153689469, 0.35943982587977125, 0.3583840365966306, 0.3553420953851472, 0.36546085127507544, 0.36667655346438227, 0.3496578004246237, 0.35550236237372657, 0.35813009868344575, 0.3536483310896513, 0.3661437373320059, 0.3706754980058262, 0.37616178527737704, 0.380328168787878, 0.3686532309416852, 0.35431616623957907, 0.3571827405861128, 0.35108285572787357, 0.366064768846605, 0.37257060683263604, 0.36440164757224075, 0.35035226169078487, 0.3622599976851082, 0.37440544135454823], "val_acc": [0.9042357274401474, 0.9042357274401474, 0.9060773480662984, 0.9005524861878453, 0.9023941068139963, 0.9005524861878453, 0.9005524861878453, 0.9023941068139963, 0.9005524861878453, 0.9005524861878453, 0.9042357274401474, 0.9023941068139963, 0.9042357274401474, 0.9023941068139963, 0.9042357274401474, 0.9042357274401474, 0.9042357274401474, 0.9042357274401474, 0.9042357274401474, 0.9060773480662984, 0.9042357274401474, 0.9060773480662984, 0.9079189686924494, 0.9060773480662984, 0.9079189686924494, 0.9060773480662984, 0.9060773480662984, 0.9060773480662984, 0.9097605893186004, 0.9116022099447514, 0.9097605893186004, 0.9079189686924494, 0.9116022099447514, 0.9152854511970534, 0.9097605893186004, 0.9079189686924494, 0.9134438305709024, 0.9097605893186004, 0.9116022099447514, 0.9097605893186004, 0.9134438305709024, 0.9116022099447514, 0.9097605893186004, 0.9097605893186004, 0.9116022099447514, 0.9097605893186004, 0.9116022099447514, 0.9152854511970534, 0.9134438305709024, 0.9152854511970534, 0.9152854511970534, 0.9171270718232044, 0.9134438305709024, 0.9116022099447514, 0.9152854511970534, 0.9152854511970534, 0.9116022099447514, 0.9152854511970534, 0.9116022099447514, 0.9116022099447514, 0.9134438305709024, 0.9116022099447514, 0.9134438305709024, 0.9134438305709024, 0.9152854511970534, 0.9152854511970534, 0.9152854511970534, 0.9152854511970534, 0.9152854511970534, 0.9134438305709024, 0.9152854511970534, 0.9152854511970534, 0.9152854511970534, 0.9171270718232044, 0.9152854511970534, 0.9134438305709024, 0.9152854511970534, 0.9152854511970534, 0.9152854511970534, 0.9152854511970534, 0.9134438305709024, 0.9134438305709024, 0.9171270718232044, 0.9171270718232044, 0.9171270718232044, 0.9152854511970534, 0.9134438305709024, 0.9152854511970534, 0.9134438305709024, 0.9134438305709024, 0.9134438305709024, 0.9152854511970534, 0.9134438305709024, 0.9171270718232044, 0.9116022099447514, 0.9116022099447514, 0.9116022099447514, 0.9208103130755064, 0.9152854511970534, 0.9134438305709024], "loss": [2.5439792385916955, 0.921799289499136, 0.8142106515285215, 0.7778599383232941, 0.7287176832370205, 0.659590493443092, 0.6331205703409658, 0.6054638815693253, 0.602623168859753, 0.5980061044876489, 0.5969524479226882, 0.5847155346933902, 0.5822927754587915, 0.5588352549967722, 0.5534374618794781, 0.556184423516368, 0.5606119390924378, 0.5635595699939381, 0.5516651822238248, 0.5429824314613232, 0.5234760257144567, 0.5390142746537446, 0.5275656390208225, 0.5087469594870366, 0.5156076308158581, 0.5211046654599961, 0.5101306709840937, 0.5006137589255957, 0.48503651993048486, 0.5015539951727588, 0.5189627900100707, 0.5093572589379269, 0.5158427346540594, 0.49288055728678787, 0.5003352113018958, 0.4941820071952013, 0.48497717530328427, 0.496899897685236, 0.48222820612878314, 0.46495233738053854, 0.4798151686449551, 0.4584843971104898, 0.47662574377922046, 0.4738083737220821, 0.46297188296701464, 0.4728061832332971, 0.4639055771324876, 0.44848188898975494, 0.4532819336359358, 0.45056324285956717, 0.44511891880144183, 0.4262986623273594, 0.43066625093710714, 0.4384577755844624, 0.431752991809679, 0.4316185568166165, 0.43700973682941613, 0.4496637238768614, 0.43535950399941087, 0.421140052499398, 0.4232496450868773, 0.4371369399332642, 0.43100419010888674, 0.4158447409198788, 0.4260459046959365, 0.4123416910840995, 0.4192246669425207, 0.3957294824628748, 0.40053229980231464, 0.40468398566671515, 0.3993923205286184, 0.4179262626801093, 0.40815857920443877, 0.3902345957748031, 0.40527410464281755, 0.3889141931365375, 0.40266381576158544, 0.3921129959107492, 0.3787868508407087, 0.3879040108712404, 0.3974756009436308, 0.3935461210879101, 0.3844481812418833, 0.37975694541606514, 0.38833927853681505, 0.38042360231475386, 0.37834463631828225, 0.38161024772827273, 0.3854546841385296, 0.37976948578541275, 0.37166723064470514, 0.3804304932109916, 0.3828354264026101, 0.3742568285307094, 0.3802124939944917, 0.35693630634250917, 0.3673199826340938, 0.36355590181138253, 0.3620281777233916, 0.3644742936032407],