{"val_loss": [0.14058768565687205, 0.17519451907619704, 0.24633431959504398, 0.29998284798904357, 0.29887733332835176, 0.34589323188674775, 0.2941859604599311, 0.24305669357673867, 0.29581699807144257, 0.266655665645099, 0.18847013443814692, 0.18389655858009604, 0.17878395855685125, 0.1828953577683019, 0.19828318566262826, 0.1848998798844476, 0.16865597507335475, 0.16302638185360185, 0.1365379399619041, 0.16717813682413407, 0.1909798504241337, 0.2200346969361858, 0.21596813846672877, 0.23191277959255063, 0.22698508617361682, 0.25839505499109783, 0.2578238031777287, 0.3315074090846614, 0.37310570365896767, 0.33669373331124464, 0.3631120327205856, 0.3709954817372732, 0.47080589978928994, 0.3399055018093441, 0.45057273116700486, 0.42158842095245586, 0.4205600884405353, 0.3929871099100825, 0.3983387243233524, 0.43656909059657323, 0.4288847785108617, 0.5014998650216099, 0.45076312025330306, 0.45819195429703286, 0.4924986271189817, 0.5375011729628754, 0.5243128320116186, 0.5040181020733013, 0.6045263017022133, 0.4701048171655403, 0.5353658080390664, 0.6194408498964491, 0.6066576120381111, 0.5488561369605408, 0.5374054498832613, 0.5639747896981062, 0.5954715909358828, 0.68054956392126, 0.5772080149285264, 0.5821047129063249, 0.7345716515260277, 0.678174876211381, 0.7703738373151401, 0.7132255480523082, 0.5781610724503654, 0.6969251996182693, 0.6100763018216855, 0.7276549174593695, 0.4545482173537128, 0.5838026214158416, 0.6716238818959072, 0.6479959201086051, 0.75627277996595, 0.8555155404735171, 0.753954939597053, 0.8768110178615796, 0.8244661096830007, 0.7607169591861095, 0.7071362428076058, 0.8356895374294167, 0.8157022419961497, 0.8575881712436395, 0.854565746812092, 0.8547657243386152, 0.8687916864959337, 0.7233683662260958, 0.8574808588139545, 0.770734986204053, 0.6886912630139278, 0.7564679692694625, 0.7813934711010635, 0.7852914485938656, 0.7782179581957731, 0.6778451178694339, 0.8695807490446071, 0.8501846588413428, 0.9178632041179821, 0.8433581651372101, 0.9442389906735451, 0.7640209742189589], "val_acc": [0.9678571428571429, 0.9428571428571428, 0.9321428571428572, 0.9178571428571428, 0.9214285714285714, 0.9178571428571428, 0.9285714285714286, 0.9428571428571428, 0.9428571428571428, 0.9285714285714286, 0.9535714285714286, 0.9428571428571428, 0.95, 0.9464285714285714, 0.95, 0.9535714285714286, 0.95, 0.9535714285714286, 0.9571428571428572, 0.9535714285714286, 0.9535714285714286, 0.9464285714285714, 0.9464285714285714, 0.9428571428571428, 0.9464285714285714, 0.9392857142857143, 0.9392857142857143, 0.9392857142857143, 0.9357142857142857, 0.9392857142857143, 0.9321428571428572, 0.9357142857142857, 0.9321428571428572, 0.9357142857142857, 0.9321428571428572, 0.9321428571428572, 0.9285714285714286, 0.9285714285714286, 0.9392857142857143, 0.9214285714285714, 0.9285714285714286, 0.9214285714285714, 0.9285714285714286, 0.9214285714285714, 0.9178571428571428, 0.9142857142857143, 0.9142857142857143, 0.925, 0.9071428571428571, 0.9214285714285714, 0.9071428571428571, 0.9035714285714286, 0.9035714285714286, 0.9, 0.9071428571428571, 0.9035714285714286, 0.8892857142857142, 0.8928571428571429, 0.9107142857142857, 0.9142857142857143, 0.8821428571428571, 0.8928571428571429, 0.8821428571428571, 0.8928571428571429, 0.9035714285714286, 0.9, 0.9035714285714286, 0.8892857142857142, 0.9392857142857143, 0.9071428571428571, 0.8928571428571429, 0.9, 0.8821428571428571, 0.8535714285714285, 0.8821428571428571, 0.8607142857142858, 0.8678571428571429, 0.8714285714285714, 0.8857142857142857, 0.8607142857142858, 0.8642857142857143, 0.8607142857142858, 0.8678571428571429, 0.8714285714285714, 0.8678571428571429, 0.8928571428571429, 0.875, 0.8857142857142857, 0.9, 0.8964285714285715, 0.8892857142857142, 0.8785714285714286, 0.8857142857142857, 0.8892857142857142, 0.8714285714285714, 0.8821428571428571, 0.8678571428571429, 0.8821428571428571, 0.8642857142857143, 0.8892857142857142], "loss": [0.21666176936519743, 0.2126287472396541, 0.2234649648458012, 0.1693002787033176, 0.178775472487703, 0.20065782413159838, 0.19027923865509264, 0.11633034681381764, 0.10765944569536637, 0.11166859025051186, 0.11562416630535192, 0.10154059203620901, 0.08646113006535638, 0.10040553446648197, 0.10847637363097438, 0.08662734328474192, 0.07298272995496571, 0.07812893745978466, 0.07586906205677983, 0.09163705250857598, 0.07316513996113995, 0.07044803909229798, 0.07235491437716463, 0.06597109679930634, 0.06708414575643665, 0.0710980818913394, 0.06569155904847736, 0.06444066614496637, 0.057008931879343736, 0.05929474030294493, 0.05381886016884124, 0.051434039408551624, 0.05904477603949356, 0.06508227548254736, 0.04717057602853168, 0.05426415880629944, 0.05039739705082706, 0.04689039695127836, 0.04702557498835977, 0.06021109371190929, 0.045453441467714094, 0.040991729380746036, 0.046815729439744734, 0.0371349255389743, 0.05051143688813261, 0.04451300396970574, 0.04843712551305433, 0.04212824646719189, 0.03959603319367521, 0.04150214610163635, 0.04445111572900604, 0.03844087567126008, 0.04426574390463248, 0.03764881864288858, 0.046087110034790456, 0.04254608375470307, 0.03948368852891938, 0.03768999873182243, 0.04532218312764941, 0.042799239273198515, 0.037918638171320185, 0.036526600724351786, 0.03015365156703322, 0.03681721139597609, 0.03631305933430447, 0.04326235786505937, 0.043967933943053185, 0.036016188401449385, 0.044072445219170836, 0.0429292827759034, 0.034712709595859, 0.03848818766540379, 0.032746435335652434, 0.031962926187092684, 0.043208034571239465, 0.029988792078864977, 0.029764344685401026, 0.03284621328624874, 0.03047219331468018, 0.03167898519472272, 0.026094892405218992, 0.029413467923771017, 0.025223091959942344, 0.03160682819946435, 0.028330651974088326, 0.027138017577267786, 0.030165994704871326, 0.0320763188321786, 0.03332966228693647, 0.02708649089579594, 0.028223089934520558, 0.03210075896434853, 0.030441672025443182, 0.025264927461099387, 0.03694558897167428, 0.026046544507609893, 0.024698695031761017, 0.02404730652003175, 0.025470768623114124, 0.02321062725202053],